endpoint,task,split,fold,n_test,n_train,n_scaffolds_test,positives_test,roc_auc,pr_auc,mcc,f1,balanced_acc,r2,rmse,mae,spearman
BBB,classification,random,1,781,7024,507,496.0,0.9693371533672892,0.9820759474997921,0.8021183236270608,0.9300492610837439,0.893350311262026,,,,
BBB,classification,random,2,781,7024,513,496.0,0.9632852292020373,0.9766518492623557,0.771863952992108,0.9183266932270916,0.8822616015846068,,,,
BBB,classification,random,3,781,7024,497,496.0,0.9536219581211093,0.9747283803924272,0.7167147682348588,0.898,0.85612973967176,,,,
BBB,classification,random,4,781,7024,492,496.0,0.9492218449349181,0.9704344814751605,0.7232538377039412,0.9024630541871921,0.8546760045274476,,,,
BBB,classification,random,5,781,7024,490,496.0,0.9590761177136389,0.9775924335453039,0.7462312384423738,0.9098116947472745,0.8679647707979626,,,,
BBB,classification,random,6,780,7025,491,495.0,0.9610632642211591,0.9770106173272586,0.7630368191092397,0.9154228855721394,0.8769271664008507,,,,
BBB,classification,random,7,780,7025,522,495.0,0.9599645578592946,0.972235981051292,0.7578605886551458,0.913086913086913,0.8756512493354598,,,,
BBB,classification,random,8,780,7025,513,495.0,0.9526918305865674,0.974387820493433,0.7311836396992758,0.9058823529411765,0.856140350877193,,,,
BBB,classification,random,9,780,7025,525,495.0,0.962729044834308,0.9792201594971857,0.7596057247876448,0.9153543307086615,0.871451355661882,,,,
BBB,classification,random,10,780,7025,497,496.0,0.9737406292594275,0.9855013086753557,0.7998660581822256,0.9278557114228457,0.898071899136756,,,,
BBB,classification,scaffold,1,781,7024,220,643.0,0.9249216760204657,0.979713388269741,0.6355088312201475,0.9415337889141989,0.786462911623504,,,,
BBB,classification,scaffold,2,781,7024,226,494.0,0.8444328457165428,0.9032078867307839,0.4836989656790346,0.8221574344023324,0.7330157006023501,,,,
BBB,classification,scaffold,3,781,7024,248,563.0,0.9181726335000896,0.9653199746563872,0.64365212573533,0.9005328596802842,0.821826062867665,,,,
BBB,classification,scaffold,4,781,7024,249,477.0,0.9363069623744897,0.9582907951131757,0.6848424307886621,0.8747346072186837,0.8446947754606642,,,,
BBB,classification,scaffold,5,781,7024,250,445.0,0.950561797752809,0.9581112514995642,0.7695122305921709,0.9026548672566371,0.8825341091492777,,,,
BBB,classification,scaffold,6,780,7025,249,487.0,0.8641049540615735,0.9191483839715406,0.5085900590749215,0.8312439729990356,0.7394334611152771,,,,
BBB,classification,scaffold,7,780,7025,249,494.0,0.9431676622972169,0.9622949230298342,0.7268556831927707,0.9057692307692308,0.8456017666543982,,,,
BBB,classification,scaffold,8,780,7025,249,491.0,0.9245731118612535,0.9512317466899405,0.6905598361250607,0.892128279883382,0.8307352412631519,,,,
BBB,classification,scaffold,9,780,7025,249,428.0,0.936076226635514,0.9455674404228089,0.7211397272164685,0.8726415094339622,0.8612202633814783,,,,
BBB,classification,scaffold,10,780,7025,250,434.0,0.9548493646946005,0.9651804272770454,0.7188686125039385,0.8772727272727273,0.8579952585173544,,,,
AChE,classification,random,1,439,3948,357,318.0,0.9459691252144082,0.9723925075754951,0.7540867736848371,0.9324960753532182,0.8760720411663808,,,,
AChE,classification,random,2,439,3948,340,318.0,0.9532200218306566,0.9759982616318725,0.8373009557400268,0.9567901234567902,0.9047767555486252,,,,
AChE,classification,random,3,439,3948,356,318.0,0.9569364312074432,0.9826684688859737,0.7055900102843813,0.9204368174726989,0.8481339986485784,,,,
AChE,classification,random,4,439,3948,357,318.0,0.9677737928166745,0.9866306038967383,0.7936312474930152,0.9435736677115988,0.8947580435573574,,,,
AChE,classification,random,5,439,3948,352,318.0,0.9641483445085504,0.9852754652909096,0.8201215784227495,0.951937984496124,0.9000597744165497,,,,
AChE,classification,random,6,439,3948,349,318.0,0.9705546026300743,0.987891262463645,0.7901002983313755,0.9444444444444444,0.8819585217526899,,,,
AChE,classification,random,7,439,3948,355,317.0,0.9731344055437763,0.9888416125695154,0.7938040184620627,0.9435736677115988,0.8927961938253091,,,,
AChE,classification,random,8,438,3949,366,317.0,0.9640482832338296,0.9857315198577127,0.795553639026943,0.9430379746835443,0.8997836118570275,,,,
AChE,classification,random,9,438,3949,359,317.0,0.9638397163490366,0.9861328575872143,0.7380461967602868,0.9300155520995335,0.8600385848736867,,,,
AChE,classification,random,10,438,3949,350,317.0,0.9662382355241547,0.9861211692355736,0.785551572829406,0.9422776911076443,0.8854316030972182,,,,
AChE,classification,scaffold,1,439,3948,209,316.0,0.9052433878769167,0.9617513406094472,0.6222647436358313,0.8692699490662139,0.8359576000823299,,,,
AChE,classification,scaffold,2,439,3948,210,330.0,0.9486099527383931,0.9796577116098799,0.7725487408821803,0.9473684210526315,0.8532944120100083,,,,
AChE,classification,scaffold,3,439,3948,212,315.0,0.9175627240143369,0.9646920871334121,0.6059604638761008,0.8838709677419355,0.8099206349206349,,,,
AChE,classification,scaffold,4,439,3948,212,319.0,0.9121473354231975,0.9626383296110119,0.6330198537095089,0.8996865203761756,0.8165099268547544,,,,
AChE,classification,scaffold,5,439,3948,212,303.0,0.9185352358765287,0.9630805911980218,0.6427828019834317,0.8963317384370016,0.8056081343428461,,,,
AChE,classification,scaffold,6,439,3948,212,320.0,0.9212710084033613,0.9648443052774089,0.6539767175249435,0.9115853658536586,0.8117253151260504,,,,
AChE,classification,scaffold,7,439,3948,212,313.0,0.9584664536741214,0.9828884576570176,0.7666891812270781,0.9358372456964006,0.8704929256047467,,,,
AChE,classification,scaffold,8,438,3949,212,339.0,0.9351777360626918,0.9762933731226109,0.7581113953080968,0.9476744186046512,0.8646643425404488,,,,
AChE,classification,scaffold,9,438,3949,212,320.0,0.8946239406779661,0.9600650359781089,0.46311846716340593,0.8751835535976505,0.6986758474576271,,,,
AChE,classification,scaffold,10,438,3949,213,301.0,0.9005504765138104,0.9548043982514379,0.6433233087912352,0.8921568627450981,0.8148022407061619,,,,
BChE,classification,random,1,263,2358,228,185.0,0.9711711711711711,0.9882914222921906,0.7929975015042897,0.9373297002724795,0.9007623007623008,,,,
BChE,classification,random,2,262,2359,220,185.0,0.9663039663039663,0.9876905253523158,0.8056949144720411,0.9392265193370166,0.914004914004914,,,,
BChE,classification,random,3,262,2359,206,185.0,0.9884169884169884,0.9952319780209214,0.8259665468822346,0.948509485094851,0.9145314145314145,,,,
BChE,classification,random,4,262,2359,218,185.0,0.9737451737451737,0.9893177315290484,0.8033526961606129,0.9395604395604396,0.9102141102141101,,,,
BChE,classification,random,5,262,2359,221,185.0,0.9759915759915762,0.9901468070884152,0.7932296837389223,0.936986301369863,0.9037206037206037,,,,
BChE,classification,random,6,262,2359,228,185.0,0.9505089505089506,0.977840165345998,0.7475183986203412,0.9192200557103064,0.8875043875043875,,,,
BChE,classification,random,7,262,2359,215,184.0,0.9626532887402452,0.9835031734044593,0.7714338514390063,0.9277777777777778,0.8961120401337792,,,,
BChE,classification,random,8,262,2359,211,184.0,0.9748467112597548,0.9893047486475415,0.8069862998254653,0.9388888888888889,0.9143673355629878,,,,
BChE,classification,random,9,262,2359,228,184.0,0.949623745819398,0.9789558821962976,0.6690718978965161,0.8980716253443526,0.8403706800445931,,,,
BChE,classification,random,10,262,2359,220,184.0,0.9708751393534002,0.9881861723691765,0.7978325376088363,0.9405405405405406,0.8959030100334449,,,,
BChE,classification,scaffold,1,263,2358,134,174.0,0.921186878470877,0.958843912108912,0.7176896724767253,0.905982905982906,0.8557729562185199,,,,
BChE,classification,scaffold,2,262,2359,134,167.0,0.9633785061456035,0.9808379136138303,0.7511452702209233,0.9046153846153846,0.8822250236369367,,,,
BChE,classification,scaffold,3,262,2359,134,167.0,0.9385439647021746,0.9679697016244748,0.7407454234530355,0.89171974522293,0.8823195713835487,,,,
BChE,classification,scaffold,4,262,2359,134,180.0,0.9554539295392954,0.9798812718033818,0.7498439904462026,0.9178470254957507,0.8829268292682927,,,,
BChE,classification,scaffold,5,262,2359,134,192.0,0.929389880952381,0.9762110245173736,0.6349149110633929,0.8846153846153846,0.8406994047619047,,,,
BChE,classification,scaffold,6,262,2359,135,190.0,0.9365131578947369,0.9679813105888984,0.7046747942799462,0.9226804123711341,0.839108187134503,,,,
BChE,classification,scaffold,7,262,2359,135,198.0,0.9309501262626263,0.9768430487121713,0.6401154854029522,0.9113924050632911,0.8217329545454546,,,,
BChE,classification,scaffold,8,262,2359,135,187.0,0.8921212121212121,0.9593713286863239,0.5351076215732476,0.8571428571428571,0.7771122994652406,,,,
BChE,classification,scaffold,9,262,2359,135,182.0,0.9426167582417582,0.9763958449195056,0.6866128860380223,0.898876404494382,0.8520604395604395,,,,
BChE,classification,scaffold,10,262,2359,135,209.0,0.9615419337365713,0.9909391640893646,0.7479620200909279,0.9437652811735942,0.895684752189221,,,,
BACE1,classification,random,1,851,7650,596,774.0,0.9845464612906474,0.9983351089089685,0.8185199711862607,0.9838813668600903,0.9019849659384543,,,,
BACE1,classification,random,2,850,7651,593,774.0,0.9643002855977152,0.9958379269241228,0.7368575125610112,0.9767741935483871,0.8640180878552972,,,,
BACE1,classification,random,3,850,7651,586,774.0,0.968312253501972,0.9962619662384197,0.6886946416009428,0.9736673089274245,0.8251903984768122,,,,
BACE1,classification,random,4,850,7651,607,774.0,0.9533523731810145,0.9941530362631681,0.654548002799571,0.9711353431686979,0.8048075615395076,,,,
BACE1,classification,random,5,850,7651,580,774.0,0.9614783081735347,0.9956020065115468,0.7832517339861281,0.9806201550387597,0.8916258669930641,,,,
BACE1,classification,random,6,850,7651,596,774.0,0.954406364749082,0.9944612522638108,0.6978879436415379,0.974293059125964,0.8317693458452333,,,,
BACE1,classification,random,7,850,7651,599,774.0,0.961546307629539,0.9954749122278709,0.7039957667345306,0.9749518304431599,0.8324153406772745,,,,
BACE1,classification,random,8,850,7651,589,774.0,0.9770076839385284,0.9973948883517791,0.7773678277106499,0.9799612152553329,0.8909798721610227,,,,
BACE1,classification,random,9,850,7651,581,774.0,0.9673687610499115,0.9963492048402849,0.7486377675535104,0.9773755656108597,0.8765299877600978,,,,
BACE1,classification,random,10,850,7651,584,773.0,0.97437879067892,0.9965760910333384,0.7553401924661078,0.978750804893754,0.8617210732346567,,,,
BACE1,classification,scaffold,1,851,7650,308,786.0,0.9072421217459384,0.9906877225433689,0.5301712669373584,0.9678638941398866,0.7347034644744568,,,,
BACE1,classification,scaffold,2,850,7651,307,780.0,0.9839926739926741,0.9984271353523135,0.7974243123716569,0.9840459476707084,0.8799450549450549,,,,
BACE1,classification,scaffold,3,850,7651,308,779.0,0.9610280424524037,0.9960629110911426,0.5638510625473724,0.9683544303797469,0.7374929939069591,,,,
BACE1,classification,scaffold,4,850,7651,308,768.0,0.9663205030487805,0.9950051275669198,0.7345011036470297,0.9768934531450578,0.8186134400406504,,,,
BACE1,classification,scaffold,5,850,7651,308,756.0,0.9567924687605539,0.9941022440239892,0.6675480407197543,0.9659685863874345,0.8072441742654508,,,,
BACE1,classification,scaffold,6,850,7651,309,797.0,0.9738050709026774,0.9981820040024147,0.6877382304230556,0.981226533166458,0.8314670580715419,,,,
BACE1,classification,scaffold,7,850,7651,310,753.0,0.9431689051354719,0.991491326628134,0.6049135893402884,0.9578947368421052,0.7823688065606988,,,,
BACE1,classification,scaffold,8,850,7651,310,772.0,0.9577770027899561,0.9951911953183552,0.7435752083453852,0.9774339136041263,0.856317257871662,,,,
BACE1,classification,scaffold,9,850,7651,310,751.0,0.9449555474855076,0.9910951193338329,0.7102599261556498,0.9683377308707124,0.8321161010908015,,,,
BACE1,classification,scaffold,10,850,7651,310,797.0,0.9612580194597665,0.996963059277384,0.6778293016662612,0.9812734082397003,0.8138538386875311,,,,
GSK3B,classification,random,1,496,4462,369,462.0,0.9622485357779476,0.9970278858015919,0.6299958497930358,0.9787234042553191,0.7331296154825566,,,,
GSK3B,classification,random,2,496,4462,367,462.0,0.9682327476445125,0.9975227044316657,0.6669086998751496,0.9796355841371919,0.7887063916475681,,,,
GSK3B,classification,random,3,496,4462,382,462.0,0.9770180799592564,0.9982081774772305,0.7633628956492469,0.9849462365591398,0.8486121721415839,,,,
GSK3B,classification,random,4,496,4462,358,462.0,0.9887318563789153,0.9991803824128106,0.7086154146131961,0.9817400644468314,0.8181181563534505,,,,
GSK3B,classification,random,5,496,4462,379,462.0,0.9388846447669977,0.9950675682995751,0.5805986379560371,0.9742489270386266,0.7560478736949325,,,,
GSK3B,classification,random,6,496,4462,384,462.0,0.9677234530175707,0.9975575771599579,0.5336452260790777,0.9698275862068966,0.7517188693659282,,,,
GSK3B,classification,random,7,496,4462,378,462.0,0.972275273745862,0.9978163246511501,0.6391346251691457,0.9786324786324786,0.7603768780239368,,,,
GSK3B,classification,random,8,496,4462,392,461.0,0.9730399752091727,0.9978988031570755,0.590589265847466,0.9730312837108953,0.7748682987294702,,,,
GSK3B,classification,random,9,495,4463,388,461.0,0.9705882352941178,0.9975451194911759,0.6824504585497708,0.98068669527897,0.7897792522648973,,,,
GSK3B,classification,random,10,495,4463,369,461.0,0.9744800306239633,0.9979209797898937,0.7679096293375766,0.9848812095032398,0.8622240653311216,,,,
GSK3B,classification,scaffold,1,496,4462,211,429.0,0.9787426503844415,0.9959730497230012,0.8276533183081638,0.9782857142857143,0.8645061406255437,,,,
GSK3B,classification,scaffold,2,496,4462,211,461.0,0.8901766346451814,0.9900169228724042,0.5142103783526014,0.9711229946524064,0.7066935233963434,,,,
GSK3B,classification,scaffold,3,496,4462,212,467.0,0.9193679391567599,0.9943042881148131,0.528258388198406,0.9778714436248683,0.6864431809791036,,,,
GSK3B,classification,scaffold,4,496,4462,212,460.0,0.9086352657004831,0.9918066871554835,0.5163396376027636,0.9699570815450643,0.7135265700483091,,,,
GSK3B,classification,scaffold,5,496,4462,212,469.0,0.9366658769643844,0.9958136853745123,0.4956775442630412,0.9779179810725552,0.6809207928610914,,,,
GSK3B,classification,scaffold,6,496,4462,212,476.0,0.9193277310924369,0.9958658008406249,0.46588735863799874,0.9779179810725552,0.7384453781512605,,,,
GSK3B,classification,scaffold,7,496,4462,212,465.0,0.9619146722164413,0.9973309593062318,0.5734180902397168,0.9777306468716861,0.7215053763440861,,,,
GSK3B,classification,scaffold,8,496,4462,212,455.0,0.9191637630662022,0.9918807006016466,0.43512357241938787,0.9647812166488794,0.6308496381667114,,,,
GSK3B,classification,scaffold,9,495,4463,212,462.0,0.963334645152827,0.9972240284201129,0.6707804907787807,0.9795479009687836,0.8106060606060606,,,,
GSK3B,classification,scaffold,10,495,4463,212,473.0,0.9721314626177205,0.9986139451047982,0.5660183681726864,0.9843260188087775,0.702431289640592,,,,
MAO_A,classification,random,1,223,2005,167,90.0,0.9294068504594822,0.9225570259912373,0.7090707481539518,0.8187134502923976,0.8475355054302423,,,,
MAO_A,classification,random,2,223,2005,166,91.0,0.933150183150183,0.894431375234735,0.6745903098082003,0.8066298342541437,0.8367049617049618,,,,
MAO_A,classification,random,3,223,2005,160,91.0,0.9468864468864469,0.918820562546322,0.7385918019493816,0.8390804597701149,0.8632201132201132,,,,
MAO_A,classification,random,4,223,2005,154,91.0,0.9214119214119214,0.9081353053226101,0.6258549486058385,0.7727272727272727,0.8092324342324342,,,,
MAO_A,classification,random,5,223,2005,166,91.0,0.943140193140193,0.9380248227798529,0.7670864055974936,0.8554913294797688,0.8762903762903763,,,,
MAO_A,classification,random,6,223,2005,163,91.0,0.9576257076257076,0.9499152766998696,0.7667837436211521,0.8587570621468926,0.8797036297036297,,,,
MAO_A,classification,random,7,223,2005,165,91.0,0.9776057276057276,0.9660309409098671,0.8521329163985579,0.9130434782608695,0.9274475524475525,,,,
MAO_A,classification,random,8,223,2005,167,91.0,0.93989343989344,0.9230569991311454,0.7014123703120567,0.8202247191011236,0.848068598068598,,,,
MAO_A,classification,random,9,222,2006,163,90.0,0.9557239057239058,0.9456389246940359,0.7937807631235296,0.872093023255814,0.8901515151515151,,,,
MAO_A,classification,random,10,222,2006,173,90.0,0.9619528619528619,0.9568195605982317,0.7861454517158459,0.8622754491017964,0.8810606060606061,,,,
MAO_A,classification,scaffold,1,223,2005,82,107.0,0.8569932323557847,0.8564878552225064,0.5334128726977718,0.7195767195767195,0.7574121817595875,,,,
MAO_A,classification,scaffold,2,223,2005,82,109.0,0.9047963946563656,0.8629279352354022,0.6061149365792232,0.7904761904761904,0.8017865765330758,,,,
MAO_A,classification,scaffold,3,223,2005,82,107.0,0.8095391556558169,0.8424476933399071,0.41822564464770096,0.6373626373626373,0.697752175314212,,,,
MAO_A,classification,scaffold,4,223,2005,83,75.0,0.9497297297297297,0.8881686576812206,0.733901593573041,0.8115942028985508,0.8496846846846847,,,,
MAO_A,classification,scaffold,5,223,2005,83,68.0,0.7938330170777989,0.7441787529983109,0.5598168779890933,0.6774193548387096,0.7636622390891841,,,,
MAO_A,classification,scaffold,6,223,2005,83,77.0,0.8724426258672834,0.814154459583758,0.47934107481726346,0.6624203821656051,0.7417719267034335,,,,
MAO_A,classification,scaffold,7,223,2005,83,99.0,0.8835125448028673,0.8773761119617794,0.6068446432281178,0.7884615384615384,0.8052704463994786,,,,
MAO_A,classification,scaffold,8,223,2005,83,107.0,0.8872462133419272,0.8897894957128321,0.6610310193879915,0.8118811881188119,0.8271430873348373,,,,
MAO_A,classification,scaffold,9,222,2006,83,87.0,0.8875266070668371,0.8485584571662173,0.5679906706309064,0.7058823529411765,0.7659003831417625,,,,
MAO_A,classification,scaffold,10,222,2006,83,71.0,0.8319653017442403,0.7384406196160294,0.4715587656893494,0.6201550387596899,0.7220874918384479,,,,
MAO_B,classification,random,1,367,3298,252,247.0,0.9602564102564102,0.9814193640235223,0.743786482312223,0.9178356713426854,0.8677294197031039,,,,
MAO_B,classification,random,2,367,3298,241,248.0,0.954086473298997,0.9779696959503895,0.7715721350964533,0.9249492900608519,0.8882488479262672,,,,
MAO_B,classification,random,3,367,3298,236,248.0,0.950426944971537,0.9764441727610571,0.66917198408434,0.8980392156862745,0.8230380862022229,,,,
MAO_B,classification,random,4,367,3298,247,248.0,0.9440905394415832,0.9735308468787105,0.7078124809887747,0.9098039215686274,0.8416915153158038,,,,
MAO_B,classification,random,5,367,3298,239,248.0,0.9481566820276497,0.974310209205431,0.7551993840710417,0.9221556886227545,0.8732888316616969,,,,
MAO_B,classification,random,6,366,3299,248,247.0,0.9611131902153573,0.9818015513414659,0.727010872466969,0.9151873767258383,0.8519885687068349,,,,
MAO_B,classification,random,7,366,3299,231,247.0,0.967645357738237,0.9837031905635689,0.824401327859575,0.9437751004016064,0.908481611267989,,,,
MAO_B,classification,random,8,366,3299,240,247.0,0.946892117170755,0.9734228004478486,0.7475071698665497,0.9203187250996016,0.8667709998979349,,,,
MAO_B,classification,random,9,366,3299,245,247.0,0.9600755281869833,0.9801687063068094,0.7288537002093608,0.9141716566866267,0.8585207362297145,,,,
MAO_B,classification,random,10,366,3299,242,247.0,0.9521314598713979,0.9761414977498395,0.7281222168361248,0.9145129224652088,0.8563433470554214,,,,
MAO_B,classification,scaffold,1,367,3298,116,256.0,0.9338400900900902,0.9663504537280898,0.7006706513964293,0.9072978303747534,0.8546241554054055,,,,
MAO_B,classification,scaffold,2,367,3298,119,240.0,0.8493766404199475,0.8798460331143685,0.6320886747438565,0.8731808731808732,0.8154527559055118,,,,
MAO_B,classification,scaffold,3,367,3298,119,253.0,0.9397406559877957,0.9718897975408436,0.6927539000768865,0.9124767225325885,0.8131370917412107,,,,
MAO_B,classification,scaffold,4,367,3298,121,231.0,0.8693181818181819,0.9075841844132027,0.6311635038739996,0.8713692946058091,0.8038101604278074,,,,
MAO_B,classification,scaffold,5,367,3298,121,265.0,0.9076951535331114,0.966187354578834,0.6197431734249238,0.8854368932038835,0.8223455419903811,,,,
MAO_B,classification,scaffold,6,366,3299,120,215.0,0.8514708147235485,0.8972523844809859,0.5534039404406101,0.8038740920096852,0.7800862467272447,,,,
MAO_B,classification,scaffold,7,366,3299,120,267.0,0.9057239057239057,0.9592695159419302,0.6560900729730877,0.9060150375939849,0.8300987402110998,,,,
MAO_B,classification,scaffold,8,366,3299,120,228.0,0.8816584032545132,0.916917720247288,0.5844102292282798,0.8559670781893004,0.7749809305873379,,,,
MAO_B,classification,scaffold,9,366,3299,120,262.0,0.856283029947152,0.9296732182605956,0.5748890878550695,0.8868274582560297,0.7734145625366999,,,,
MAO_B,classification,scaffold,10,366,3299,120,257.0,0.9000821047370864,0.9493275002034823,0.6168171235619545,0.8970588235294118,0.7774604647842074,,,,
hERG,classification,random,1,588,5287,512,243.0,0.9391065783980438,0.9272179059951469,0.7310541520712738,0.8269662921348314,0.8525138665235283,,,,
hERG,classification,random,2,588,5287,516,243.0,0.9599451303155007,0.9509648660898942,0.8070890629494629,0.8812095032397408,0.8965646806226516,,,,
hERG,classification,random,3,588,5287,504,243.0,0.9600882686228902,0.949254111739961,0.7856773877548102,0.8682505399568035,0.8860440150295223,,,,
hERG,classification,random,4,588,5287,498,243.0,0.9588000238563845,0.9461253512543646,0.7898915189718845,0.868995633187773,0.8862766147790302,,,,
hERG,classification,random,5,588,5287,506,243.0,0.958811952048667,0.9529326678291049,0.8030772735683787,0.8803418803418803,0.8963320808731436,,,,
hERG,classification,random,6,587,5288,495,242.0,0.9521739130434783,0.9335130393162101,0.7814112329028033,0.8702928870292888,0.8891723559707749,,,,
hERG,classification,random,7,587,5288,504,242.0,0.9485447358965146,0.937436990123627,0.7423196215278965,0.8463157894736842,0.8689124446041443,,,,
hERG,classification,random,8,587,5288,523,243.0,0.953356780553163,0.9446482891695067,0.7423949677550464,0.8450106157112527,0.867313857785434,,,,
hERG,classification,random,9,587,5288,505,243.0,0.9527227485883817,0.9357539280876154,0.7672664078283576,0.8607594936708861,0.8805089003732414,,,,
hERG,classification,random,10,587,5288,506,243.0,0.9578428557756723,0.9389022383199717,0.7601432003282363,0.8559322033898306,0.8763936740357929,,,,
hERG,classification,scaffold,1,588,5287,336,245.0,0.8599393110013684,0.8196721297994362,0.49399758445297903,0.6635294117647059,0.7309037900874635,,,,
hERG,classification,scaffold,2,588,5287,336,279.0,0.9501977705861201,0.9474621052667259,0.7475592454317375,0.8571428571428571,0.869245223927341,,,,
hERG,classification,scaffold,3,588,5287,338,239.0,0.9303928738415795,0.9082403328140995,0.691437330574234,0.8129032258064516,0.8423888935512103,,,,
hERG,classification,scaffold,4,588,5287,338,217.0,0.9404896468630057,0.9183315515020112,0.7152371717183531,0.8135593220338984,0.8493609251369446,,,,
hERG,classification,scaffold,5,588,5287,339,244.0,0.9401091307662982,0.9342739606993915,0.7618577553615156,0.851528384279476,0.8719738848646588,,,,
hERG,classification,scaffold,6,587,5288,338,257.0,0.9455606650159178,0.9384016405866356,0.7230124583789506,0.8360655737704918,0.8559780686239831,,,,
hERG,classification,scaffold,7,587,5288,338,214.0,0.8564931973641352,0.7999241749152847,0.5456436462314865,0.6982543640897756,0.7641001227731703,,,,
hERG,classification,scaffold,8,587,5288,338,251.0,0.9057104913678619,0.898629038985201,0.6381051903614731,0.7719298245614035,0.807442847656991,,,,
hERG,classification,scaffold,9,587,5288,338,248.0,0.939754020363498,0.9139244327776769,0.6799066649336363,0.7955555555555556,0.8269637929393854,,,,
hERG,classification,scaffold,10,587,5288,338,234.0,0.9392145468632721,0.9180508282977242,0.7578329021224454,0.8440366972477065,0.8676666424541779,,,,
D2,regression,random,1,774,6960,593,,,,,,,0.6120619509349846,0.5882212057521821,0.4184642100200138,0.7738761982803418
D2,regression,random,2,774,6960,601,,,,,,,0.6151090438322442,0.6069414545446039,0.44830230359628626,0.7891372438243263
D2,regression,random,3,774,6960,613,,,,,,,0.5978233469131538,0.5860860533554325,0.4268178351083313,0.7630836041853615
D2,regression,random,4,774,6960,595,,,,,,,0.5632566576476163,0.6138357093788152,0.43722969325700756,0.7564122430367637
D2,regression,random,5,773,6961,594,,,,,,,0.5967547963174523,0.5967888408853689,0.4154820926129352,0.7847320080026241
D2,regression,random,6,773,6961,597,,,,,,,0.5870717541095472,0.5869335309033954,0.4182590310701288,0.7690572995872623
D2,regression,random,7,773,6961,571,,,,,,,0.6270652836440018,0.6025200167622852,0.4207655074000193,0.7817911452571147
D2,regression,random,8,773,6961,596,,,,,,,0.6129457731650143,0.5708206373074585,0.41031193316311854,0.7813032935130292
D2,regression,random,9,773,6961,599,,,,,,,0.5954835167625008,0.6155132699079082,0.4366350854634322,0.7874081252385794
D2,regression,random,10,773,6961,605,,,,,,,0.6043196936795907,0.5819562127435787,0.4205228254237498,0.7851911270706514
D2,regression,scaffold,1,774,6960,331,,,,,,,0.3969028949356298,0.7597990448763963,0.5360295441141715,0.6565357007444282
D2,regression,scaffold,2,774,6960,333,,,,,,,0.47475345581913875,0.7353397696948284,0.5271980571811313,0.7182110044508454
D2,regression,scaffold,3,774,6960,333,,,,,,,0.42406749125092513,0.6708328325696085,0.48909109784767335,0.6510345852604262
D2,regression,scaffold,4,774,6960,334,,,,,,,0.5217198795541211,0.6786198197753055,0.49510428753119534,0.7042316727670678
D2,regression,scaffold,5,773,6961,333,,,,,,,0.5122207664381445,0.6412842152477078,0.4544956832882752,0.7145838205510033
D2,regression,scaffold,6,773,6961,333,,,,,,,0.510384341970447,0.649073969915331,0.46285147706971763,0.7268066389115909
D2,regression,scaffold,7,773,6961,333,,,,,,,0.47564075631840874,0.6490673737884755,0.4669057179194364,0.6864074031070414
D2,regression,scaffold,8,773,6961,333,,,,,,,0.5786883562954881,0.6136811536415773,0.44496336388591057,0.7106982542140203
D2,regression,scaffold,9,773,6961,333,,,,,,,0.47542247827982964,0.6468335814753124,0.48029919494295137,0.6659438199903528
D2,regression,scaffold,10,773,6961,333,,,,,,,0.45950977994706066,0.6838955194448677,0.4918833122071019,0.6845834914748902
A2A,regression,random,1,679,6106,498,,,,,,,0.6779682499526626,0.6299622500054797,0.46343471085668553,0.818687839028413
A2A,regression,random,2,679,6106,484,,,,,,,0.643146343395681,0.6454868729283896,0.463116065784172,0.799658289245256
A2A,regression,random,3,679,6106,483,,,,,,,0.7123387872658944,0.5755503275328172,0.42142740513892063,0.849272980925143
A2A,regression,random,4,679,6106,473,,,,,,,0.6776467186837494,0.6382075283881472,0.46498128012402407,0.823114598737776
A2A,regression,random,5,679,6106,500,,,,,,,0.6725010114152803,0.6095938495972619,0.4336218072612763,0.8185631403703412
A2A,regression,random,6,678,6107,495,,,,,,,0.7094712785319364,0.5688277923274312,0.4039935218693409,0.8428039252012157
A2A,regression,random,7,678,6107,489,,,,,,,0.6544000208915337,0.6251248897348701,0.4562359020727032,0.7866908304725415
A2A,regression,random,8,678,6107,482,,,,,,,0.6791482294254013,0.6242564935355928,0.4527912943009275,0.820704567707479
A2A,regression,random,9,678,6107,489,,,,,,,0.6934970589490945,0.5878547760143062,0.42914102835136003,0.8301441313363226
A2A,regression,random,10,678,6107,479,,,,,,,0.7036443038147888,0.6157738801185799,0.4411315747437583,0.8412776738286935
A2A,regression,scaffold,1,679,6106,261,,,,,,,0.5131648138895243,0.7105042095826138,0.5413278764664665,0.7141859045671375
A2A,regression,scaffold,2,679,6106,265,,,,,,,0.6656424899829463,0.6634671026281092,0.4613347883750865,0.8167076369330832
A2A,regression,scaffold,3,679,6106,265,,,,,,,0.6330267503161577,0.6233137160986074,0.468971424742115,0.7932707019334425
A2A,regression,scaffold,4,679,6106,265,,,,,,,0.5979903394261266,0.702389630126002,0.5219968707036975,0.7609173557543428
A2A,regression,scaffold,5,679,6106,266,,,,,,,0.6029574287744761,0.6740329865059871,0.4854399928344034,0.7811059337633179
A2A,regression,scaffold,6,678,6107,265,,,,,,,0.6571489007205394,0.711743201557628,0.5495601704652147,0.8088986859941235
A2A,regression,scaffold,7,678,6107,266,,,,,,,0.5571865505515552,0.7273756340562825,0.5376842824874511,0.7175993087031748
A2A,regression,scaffold,8,678,6107,267,,,,,,,0.5604754942035637,0.7126964171589948,0.5365041515285897,0.7350709426105865
A2A,regression,scaffold,9,678,6107,267,,,,,,,0.49085478957535966,0.7564727266367405,0.551936595759206,0.6975021580243681
A2A,regression,scaffold,10,678,6107,267,,,,,,,0.483605188898543,0.7083910506109758,0.5359571502135879,0.6896578215983354
HT2A,regression,random,1,599,5390,434,,,,,,,0.6527646634032587,0.5631739154765781,0.402997380812797,0.8242667102849279
HT2A,regression,random,2,599,5390,435,,,,,,,0.6701013165756882,0.5989245992791945,0.43380738759481424,0.8315605182882102
HT2A,regression,random,3,599,5390,411,,,,,,,0.6168581408359541,0.644547157254759,0.4662073155708912,0.7965329035303428
HT2A,regression,random,4,599,5390,427,,,,,,,0.6202846074235203,0.5934859744074672,0.44690473120855195,0.7977527234893159
HT2A,regression,random,5,599,5390,415,,,,,,,0.6593293004101022,0.5930603440868422,0.4321346243985717,0.8268087752646954
HT2A,regression,random,6,599,5390,416,,,,,,,0.6259120341304749,0.6311996557291129,0.45229328501597943,0.8013456483268672
HT2A,regression,random,7,599,5390,431,,,,,,,0.6359008983632752,0.6145152592265258,0.4618693594487501,0.8060584428593704
HT2A,regression,random,8,599,5390,425,,,,,,,0.6705526448384797,0.588186136644113,0.4229445050692985,0.8222287670946994
HT2A,regression,random,9,599,5390,413,,,,,,,0.6276750255219747,0.6241450727867353,0.4453071472813804,0.8109672503805931
HT2A,regression,random,10,598,5391,425,,,,,,,0.5823981710420514,0.6380227903097117,0.4728434335977102,0.7782789678458301
HT2A,regression,scaffold,1,599,5390,223,,,,,,,0.4615926388928996,0.7247876931208531,0.5585951682733268,0.6188588457371278
HT2A,regression,scaffold,2,599,5390,225,,,,,,,0.4583160398071242,0.7388561352730557,0.541107026690369,0.6989063559151697
HT2A,regression,scaffold,3,599,5390,225,,,,,,,0.5739517950113133,0.5884164706811178,0.43723657707259034,0.7578736400690453
HT2A,regression,scaffold,4,599,5390,226,,,,,,,0.5236848885980587,0.6770832325720528,0.4960114165794479,0.7276054231077902
HT2A,regression,scaffold,5,599,5390,226,,,,,,,0.4238759498443754,0.779205471173243,0.5421716462899622,0.6986263664785031
HT2A,regression,scaffold,6,599,5390,226,,,,,,,0.5098802453498601,0.6980945192857059,0.518201691363836,0.7266858317025017
HT2A,regression,scaffold,7,599,5390,226,,,,,,,0.5428443434106833,0.7172698532521464,0.5383517598714741,0.7460140100904428
HT2A,regression,scaffold,8,599,5390,226,,,,,,,0.42231282441483287,0.7947769905946186,0.5790647304603362,0.6956896950416441
HT2A,regression,scaffold,9,599,5390,226,,,,,,,0.5363044317912599,0.7106205354604785,0.520473499355325,0.7439206880284732
HT2A,regression,scaffold,10,598,5391,225,,,,,,,0.4490304779535951,0.7581967554420483,0.5549857291583216,0.7017423732992706
SERT,regression,random,1,458,4114,300,,,,,,,0.6195806527843334,0.6405356256685265,0.4742164698036679,0.7691144412672569
SERT,regression,random,2,458,4114,295,,,,,,,0.5504587613083791,0.6899577466902923,0.5095326485399206,0.7316470086383435
SERT,regression,random,3,457,4115,273,,,,,,,0.5989211274581621,0.6059830076674282,0.4643984052841761,0.7553077476523686
SERT,regression,random,4,457,4115,273,,,,,,,0.6231226958925964,0.6553662708670923,0.48681241279190457,0.7969274158319376
SERT,regression,random,5,457,4115,292,,,,,,,0.63701382006221,0.6222351450568518,0.47132969067238023,0.7704946482296658
SERT,regression,random,6,457,4115,305,,,,,,,0.5614401359812982,0.6486717516718543,0.4878747609844933,0.7438270364741023
SERT,regression,random,7,457,4115,275,,,,,,,0.5891326382975053,0.7071291814977526,0.5210885805657997,0.7743409119935364
SERT,regression,random,8,457,4115,287,,,,,,,0.6167308669618954,0.6448573372362604,0.4765806510531394,0.7908838683465442
SERT,regression,random,9,457,4115,283,,,,,,,0.5545683351267381,0.6650353615322845,0.4923375311358469,0.7452677619376635
SERT,regression,random,10,457,4115,299,,,,,,,0.6652531732406469,0.5998480143723058,0.43795928097324116,0.8256407735739415
SERT,regression,scaffold,1,458,4114,145,,,,,,,0.2863949723448189,0.7919655722876796,0.5850846732007079,0.6108209441824727
SERT,regression,scaffold,2,458,4114,145,,,,,,,0.13519789895886747,1.0379853144348237,0.7714712380723353,0.43341042394825513
SERT,regression,scaffold,3,457,4115,146,,,,,,,0.3976820800751868,0.6812637347722105,0.5175302090395042,0.5939160677976311
SERT,regression,scaffold,4,457,4115,146,,,,,,,0.3052070385091873,0.8163273174223735,0.621424564998459,0.5665905861112144
SERT,regression,scaffold,5,457,4115,146,,,,,,,0.3344703049000044,0.8775888786438378,0.6575999557590083,0.6379314230704093
SERT,regression,scaffold,6,457,4115,146,,,,,,,0.4633151854807285,0.718857401927205,0.5562785132635014,0.6789685016681158
SERT,regression,scaffold,7,457,4115,146,,,,,,,0.4313476058120471,0.8751078338675867,0.681697415224313,0.6580665811997061
SERT,regression,scaffold,8,457,4115,146,,,,,,,0.5329466886379022,0.6653415858171768,0.5189143975458049,0.6854491153681062
SERT,regression,scaffold,9,457,4115,146,,,,,,,0.4771645392988271,0.7554458940542437,0.5632618470510364,0.7214460606304041
SERT,regression,scaffold,10,457,4115,147,,,,,,,0.520958377710284,0.7098344998696693,0.5648230376086656,0.6593693322306593
antioxidant_DPPH,regression,random,1,287,2575,194,,,,,,,0.6912325323119153,0.4343200486517428,0.2892155953536083,0.8351859632996749
antioxidant_DPPH,regression,random,2,287,2575,189,,,,,,,0.5185675850110683,0.5655947246279642,0.3684710328743155,0.7525730513344215
antioxidant_DPPH,regression,random,3,286,2576,194,,,,,,,0.7030967959714911,0.402329725028445,0.2748715207593959,0.8254877710392557
antioxidant_DPPH,regression,random,4,286,2576,187,,,,,,,0.7251695249243619,0.4589384944454551,0.30762708434793373,0.8449176715171459
antioxidant_DPPH,regression,random,5,286,2576,194,,,,,,,0.7111578769551447,0.40977102323046466,0.26917281787636793,0.8403121331421441
antioxidant_DPPH,regression,random,6,286,2576,197,,,,,,,0.6880155689879812,0.4483027790619302,0.31262684412453307,0.7998089522494125
antioxidant_DPPH,regression,random,7,286,2576,196,,,,,,,0.630775493076364,0.49423137228581576,0.3202917715633342,0.7314082020247681
antioxidant_DPPH,regression,random,8,286,2576,198,,,,,,,0.7353355038796638,0.37022575120408135,0.2554193042491188,0.8268415138406664
antioxidant_DPPH,regression,random,9,286,2576,192,,,,,,,0.6657287754970607,0.4515452886136709,0.3182531879877796,0.8109564866447526
antioxidant_DPPH,regression,random,10,286,2576,200,,,,,,,0.6202434393712593,0.48785780466375855,0.3209615920163187,0.8034105472578897
antioxidant_DPPH,regression,scaffold,1,287,2575,83,,,,,,,0.40365907167594073,0.5835199452906472,0.41440064922002,0.7271552385698432
antioxidant_DPPH,regression,scaffold,2,287,2575,93,,,,,,,0.34132628240664276,0.6029926300899265,0.40956198731259746,0.6452812680038199
antioxidant_DPPH,regression,scaffold,3,286,2576,92,,,,,,,0.46576121210924826,0.5087726417840474,0.35636978108783085,0.7210439623446007
antioxidant_DPPH,regression,scaffold,4,286,2576,93,,,,,,,0.5140497531479232,0.5619170872665734,0.43180412035271476,0.7471034565873667
antioxidant_DPPH,regression,scaffold,5,286,2576,93,,,,,,,0.38821884870089174,0.7075742495523097,0.4739274370364458,0.5845332604195028
antioxidant_DPPH,regression,scaffold,6,286,2576,93,,,,,,,0.44487699284133064,0.5553883882962789,0.421677224718743,0.6281684079101586
antioxidant_DPPH,regression,scaffold,7,286,2576,93,,,,,,,0.5682299999925008,0.5387408042120546,0.3620717597141616,0.7951899714678302
antioxidant_DPPH,regression,scaffold,8,286,2576,93,,,,,,,0.4441794006058165,0.5195527841528451,0.3673512328138407,0.6193979926893378
antioxidant_DPPH,regression,scaffold,9,286,2576,93,,,,,,,0.2305102361515199,0.6774695279444524,0.5026798105418825,0.4466976804564795
antioxidant_DPPH,regression,scaffold,10,286,2576,93,,,,,,,0.5363462570810034,0.6113313970677622,0.4372886140805151,0.5871025156846134
