output,group,returns,role_in_tool,model,model_file,training_compounds,cv_scheme,cv_metric,cv_random,cv_scaffold,decision_threshold,threshold_basis,calibrated_file,features,hyperparameters,source_table
adme_caco2_permeability,ADME / exposure,"continuous, units per training data","exposure and developability context, not a disease score",RandomForestRegressor,models_rf/adme/caco2_permeability.joblib,897.0,StratifiedKFold(10)/KFold(10) random and GroupKFold(10) on scaffold,R2,0.7342,0.5837,,,,ecfp4_1024 + 12 descriptors,"{""n_estimators"": 300, ""min_samples_leaf"": 2, ""n_jobs"": -1, ""random_state"": 42}",data/adme/caco2_permeability.csv
adme_clearance_hepatocyte,ADME / exposure,"continuous, units per training data","exposure and developability context, not a disease score",RandomForestRegressor,models_rf/adme/clearance_hepatocyte.joblib,1020.0,StratifiedKFold(10)/KFold(10) random and GroupKFold(10) on scaffold,R2,0.2302,0.2062,,,,ecfp4_1024 + 12 descriptors,"{""n_estimators"": 300, ""min_samples_leaf"": 2, ""n_jobs"": -1, ""random_state"": 42}",data/adme/clearance_hepatocyte.csv
adme_kpuu,ADME / exposure,"continuous, units per training data","exposure and developability context, not a disease score",RandomForestRegressor,models_rf/adme/kpuu.joblib,566.0,StratifiedKFold(10)/KFold(10) random and GroupKFold(10) on scaffold,R2,0.4044,0.3525,,,,ecfp4_1024 + 12 descriptors,"{""n_estimators"": 300, ""min_samples_leaf"": 2, ""n_jobs"": -1, ""random_state"": 42}",data/adme/kpuu.csv
adme_lipophilicity,ADME / exposure,"continuous, units per training data","exposure and developability context, not a disease score",RandomForestRegressor,models_rf/adme/lipophilicity.joblib,4200.0,StratifiedKFold(10)/KFold(10) random and GroupKFold(10) on scaffold,R2,0.6389,0.5659,,,,ecfp4_1024 + 12 descriptors,"{""n_estimators"": 300, ""min_samples_leaf"": 2, ""n_jobs"": -1, ""random_state"": 42}",data/adme/lipophilicity.csv
adme_logbb,ADME / exposure,"continuous, units per training data","exposure and developability context, not a disease score",RandomForestRegressor,models_rf/adme/logbb.joblib,1058.0,StratifiedKFold(10)/KFold(10) random and GroupKFold(10) on scaffold,R2,0.5774,0.4235,,,,ecfp4_1024 + 12 descriptors,"{""n_estimators"": 300, ""min_samples_leaf"": 2, ""n_jobs"": -1, ""random_state"": 42}",data/adme/logbb.csv
adme_pgp_inhibition,ADME / exposure,probability 0-1,"exposure and developability context, not a disease score",RandomForestClassifier,models_rf/adme/pgp_inhibition.joblib,1212.0,StratifiedKFold(10)/KFold(10) random and GroupKFold(10) on scaffold,AUROC,0.9549,0.9346,0.5,fixed 0.5,,ecfp4_1024 + 12 descriptors,"{""n_estimators"": 300, ""min_samples_leaf"": 2, ""n_jobs"": -1, ""random_state"": 42}",data/adme/pgp_inhibition.csv
adme_pgp_substrate,ADME / exposure,probability 0-1,"exposure and developability context, not a disease score",RandomForestClassifier,models_rf/adme/pgp_substrate.joblib,1371.0,StratifiedKFold(10)/KFold(10) random and GroupKFold(10) on scaffold,AUROC,0.8576,0.8059,0.5,fixed 0.5,,ecfp4_1024 + 12 descriptors,"{""n_estimators"": 300, ""min_samples_leaf"": 2, ""n_jobs"": -1, ""random_state"": 42}",data/adme/pgp_substrate.csv
adme_plasma_protein_binding,ADME / exposure,"continuous, units per training data","exposure and developability context, not a disease score",RandomForestRegressor,models_rf/adme/plasma_protein_binding.joblib,1797.0,StratifiedKFold(10)/KFold(10) random and GroupKFold(10) on scaffold,R2,0.4336,0.3645,,,,ecfp4_1024 + 12 descriptors,"{""n_estimators"": 300, ""min_samples_leaf"": 2, ""n_jobs"": -1, ""random_state"": 42}",data/adme/plasma_protein_binding.csv
adme_solubility,ADME / exposure,"continuous, units per training data","exposure and developability context, not a disease score",RandomForestRegressor,models_rf/adme/solubility.joblib,9573.0,StratifiedKFold(10)/KFold(10) random and GroupKFold(10) on scaffold,R2,0.8036,0.7279,,,,ecfp4_1024 + 12 descriptors,"{""n_estimators"": 300, ""min_samples_leaf"": 2, ""n_jobs"": -1, ""random_state"": 42}",data/adme/solubility.csv
